GSA;FILTRE;FILTRE A HUILE;PURFLUX;902000;PURFLUX FILTRE HUILE L358AY -2;3286064234934
GSA;FILTRE;FILTRE A HUILE;PURFLUX;902010;PURFLUX FILTRE HUILE LS932Y -3;3286061815051
GSA;FILTRE;FILTRE A HUILE;PURFLUX;902020;PURFLUX FILTRE HUILE LS923Y -5;3286061834557
GSA;FILTRE;FILTRE A HUILE;PURFLUX;902030;PURFLUX FILTRE HUILE LS933Y -6;3286064073212
GSA;FILTRE;FILTRE A HUILE;PURFLUX;902040;PURFLUX FILTRE HUILE L310AY -8;3286064000164
GSA;FILTRE;FILTRE A HUILE;PURFLUX;902050;PURFLUX FILTR HUIL LS867BY -14;3286061815075
GSA;FILTRE;FILTRE A HUILE;PURFLUX;902060;PURFLUX FILTR HUIL LS280AY -24;3286061771357
GSA;FILTRE;FILTRE A HUILE;PURFLUX;902070;PURFLUX FILTRE HUILE LS743Y -28;3286064234811
GSA;FILTRE;FILTRE A HUILE;PURFLUX;902080;PURFLUX FILTRE HUILE L343DY -29;3286064207655
GSA;FILTRE;FILTRE A HUILE;PURFLUX;902090;PURFLUX FILTRE HUILE LS924Y -33;3286061808688
GSA;FILTRE;FILTRE A HUILE;PURFLUX;902100;PURFLUX FILTRE HUILE L291Y -35;3286061834564
GSA;FILTRE;FILTRE A HUILE;PURFLUX;902110;PURFLUX FILTRE HUILE L267DY -36;3286064228629
GSA;FILTRE;FILTRE A HUILE;PURFLUX;902120;PURFLUX FILTRE HUILE L331Y -38;3286064325670
GSA;FILTRE;FILTRE A HUILE;PURFLUX;902130;PURFLUX FILTRE HUILE L470Y -40;3286064325717
GSA;FILTRE;FILTRE A HUILE;PURFLUX;902140;PURFLUX FILTRE HUILE L418Y -43;3286065024183
GSA;FILTRE;FILTRE A HUILE;PURFLUX;902150;PURFLUX FILTRE HUILE LS946Y -44;3286065029461
GSA;FILTRE;FILTRE GAZOLE;PURFLUX;902160;PURFLUX FILTRE GAZOLE C422Y -52;3286061772415
GSA;FILTRE;FILTRE GAZOLE;PURFLUX;902170;PURFLUX FILTRE GAZOLE CS436Y -55;3286061772453
GSA;FILTRE;FILTRE GAZOLE;PURFLUX;902180;PURFLUX FILTRE GAZOLE CS701Y -56;3286061772446
GSA;FILTRE;FILTRE GAZOLE;PURFLUX;902190;PURFLUX FILTRE GAZOLE C493EY -57;3286064234958
GSA;FILTRE;FILTRE GAZOLE;PURFLUX;902200;PURFLUX FILTRE GAZOLE C443Y -63;3286061834571
GSA;FILTRE;FILTRE GAZOLE;PURFLUX;902210;PURFLUX FILTRE GAZOLE C446Y -64;3286061834588
GSA;FILTRE;FILTRE GAZOLE;PURFLUX;902220;PURFLUX FILTRE GAZOLE C482Y -66;3286064049149
GSA;FILTRE;FILTRE GAZOLE;PURFLUX;902230;PURFLUX FILTRE GAZOLE C495EY -67;3286064073236
GSA;FILTRE;FILTRE GAZOLE;PURFLUX;902240;PURFLUX FILTRE GAZOLE C511Y -68;3286064073250
GSA;FILTRE;FILTRE GAZOLE;PURFLUX;902250;PURFLUX FILTRE GAZOLE FCS711Y -76;3286064325410
GSA;FILTRE;FILTRE A AIR;PURFLUX;902260;PURFLUX FILTRE AIR A973Y -8;3286061768463
GSA;FILTRE;FILTRE A AIR;PURFLUX;902270;PURFLUX FILTRE AIR A1342Y -48;3286061768630
GSA;FILTRE;FILTRE A AIR;PURFLUX;902280;PURFLUX FILTRE AIR A1222Y -52;3286062112227
GSA;FILTRE;FILTRE A AIR;PURFLUX;902290;PURFLUX FILTRE AIR A369Y -70;3286061815129
GSA;FILTRE;FILTRE A AIR;PURFLUX;902300;PURFLUX FILTRE AIR A1036Y -72;3286061834595
GSA;FILTRE;FILTRE A AIR;PURFLUX;902310;PURFLUX FILTRE AIR A1037Y -73;3286061834601
GSA;FILTRE;FILTRE A AIR;PURFLUX;902320;PURFLUX FILTRE AIR A379Y -74;3286064071232
GSA;FILTRE;FILTRE A AIR;PURFLUX;902330;PURFLUX FILTRE AIR A1231Y -75;3286064071034
GSA;FILTRE;FILTRE A AIR;PURFLUX;902340;PURFLUX FILTRE AIR A1232Y -80;3286064071133
GSA;FILTRE;FILTRE A AIR;PURFLUX;902350;PURFLUX FILTRE AIR A1097Y -82;3286064071171
GSA;FILTRE;FILTRE A AIR;PURFLUX;902360;PURFLUX FILTRE AIR A1112Y -84;3286064071218
GSA;FILTRE;FILTRE A AIR;PURFLUX;902370;PURFLUX FILTRE AIR A1140Y -95;3286064210860
GSA;FILTRE;FILTRE A AIR;PURFLUX;902380;PURFLUX FILTRE AIR A1195Y -96;3286064210884
GSA;FILTRE;FILTRE A AIR;PURFLUX;902390;PURFLUX FILTRE AIR A1339Y -97;3286064235061
GSA;FILTRE;FILTRE A AIR;PURFLUX;902400;PURFLUX FILTRE AIR A1160Y -99;3286064235108
GSA;FILTRE;FILTRE A AIR;PURFLUX;902410;PURFLUX FILTRE AIR A1184Y -100;3286064235122
GSA;FILTRE;FILTRE A AIR;PURFLUX;902420;PURFLUX FILTRE AIR A1196Y -101;3286064235146
GSA;FILTRE;FILTRE A AIR;PURFLUX;902430;PURFLUX FILTRE AIR A1265Y -102;3286064235160
GSA;FILTRE;FILTRE A AIR;PURFLUX;902440;PURFLUX FILTRE AIR A1314Y -106;3286064325175
GSA;FILTRE;FILTRE A AIR;PURFLUX;902450;PURFLUX FILTRE AIR A1185Y -107;3286064325151
GSA;FILTRE;FILTRE A AIR;PURFLUX;902460;PURFLUX FILTRE AIR A1406Y -115;3286062214068
GSA;FILTRE;FILTRE HABITACLE;PURFLUX;902470;PURFLUX FILTRE HABITACLE AH140Y -140;3286061851127
GSA;FILTRE;FILTRE HABITACLE;PURFLUX;902480;PURFLUX FILTRE HABITACLE AH191Y -191;3286066501911
GSA;FILTRE;FILTRE HABITACLE;PURFLUX;902490;PURFLUX FILTRE HABITACLE AH207Y -207;3286066502079
GSA;FILTRE;FILTRE HABITACLE;PURFLUX;902500;PURFLUX FILTRE HABITACLE AH245-2Y -245;3286066502451
GSA;FILTRE;FILTRE HABITACLE;PURFLUX;902510;PURFLUX FILTRE HABITACLE AHC261-2Y -261C;3286061856467
GSA;FILTRE;FILTRE HABITACLE;PURFLUX;902520;PURFLUX FILTRE HABITACLE AHC319Y -319C;3286061856436
GSA;FILTRE;FILTRE HABITACLE;PURFLUX;902530;PURFLUX FILTRE HABITACLE AHC378Y -378C;3286061856450
GSA;FILTRE;FILTRE HABITACLE;PURFLUX;902540;PURFLUX FILTRE HABITACLE AH405Y -405;3286066204058
GSA;FILTRE;FILTRE HABITACLE;PURFLUX;902550;PURFLUX FILTRE HABITACLE AH425-2Y -425;3286066704251
GSA;FILTRE;FILTRE HABITACLE;PURFLUX;902560;PURFLUX FILTRE HABITACLE AHC482Y -482C;3286066704824